rule	where	cause	detail
d	L1:execute_action	describe() 把參數原樣印給玩家（player_command_api.gd:237 的 match）	玩家面句子裡有英文識別字 ["ignore"]：行動：ignore：忽略
d	L1:equip_item	describe() 把參數原樣印給玩家（player_command_api.gd:237 的 match）	玩家面句子裡有英文識別字 ["weapon"]：裝備：weapon：被拒絕（無法裝備）
d	L1:unequip_item	describe() 把參數原樣印給玩家（player_command_api.gd:237 的 match）	玩家面句子裡有英文識別字 ["weapon"]：卸下：weapon：被拒絕（無法卸裝）
d	L1:cancel_order	handler 自己回的 msg 裡有英文（那一句是 handler 寫的，不是 describe 產的）	玩家面句子裡有英文識別字 ["such", "active", "order"]：取消掛單：被拒絕（no such active order: -1）
d	L2:abandon_outpost@none	describe() 把參數原樣印給玩家（player_command_api.gd:237 的 match）	玩家面句子裡有英文識別字 ["abandon_outpost", "outpost"]：行動：abandon_outpost：被拒絕（未指定 outpost 位置）
d	L2:accept_encounter@none	describe() 把參數原樣印給玩家（player_command_api.gd:237 的 match）	玩家面句子裡有英文識別字 ["accept_encounter"]：行動：accept_encounter：被拒絕（無待處理預備遭遇戰）
d	L2:attack@none	describe() 把參數原樣印給玩家（player_command_api.gd:237 的 match）	玩家面句子裡有英文識別字 ["attack"]：行動：attack：被拒絕（目標不存在）
d	L2:betray_faction@none	describe() 把參數原樣印給玩家（player_command_api.gd:237 的 match）	玩家面句子裡有英文識別字 ["betray_faction"]：行動：betray_faction：被拒絕（玩家不在勢力中）
d	L2:build_facility@none	describe() 把參數原樣印給玩家（player_command_api.gd:237 的 match）	玩家面句子裡有英文識別字 ["build_facility", "farming"]：行動：build_facility：被拒絕（無法擴建 farming（條件不符））
d	L2:build_outpost@none	describe() 把參數原樣印給玩家（player_command_api.gd:237 的 match）	玩家面句子裡有英文識別字 ["build_outpost"]：行動：build_outpost：被拒絕（無法建造（資源不足或距離限制））
d	L2:camp@none	describe() 把參數原樣印給玩家（player_command_api.gd:237 的 match）	玩家面句子裡有英文識別字 ["camp"]：行動：camp：被拒絕（離既有據點太近,無法紮營）
d	L2:cancel_trade@none	describe() 把參數原樣印給玩家（player_command_api.gd:237 的 match）	玩家面句子裡有英文識別字 ["cancel_trade"]：行動：cancel_trade：取消貿易
d	L2:clear_member_order@none	describe() 把參數原樣印給玩家（player_command_api.gd:237 的 match）	玩家面句子裡有英文識別字 ["clear_member_order"]：行動：clear_member_order：被拒絕（目標不是同勢力成員）
d	L2:confirm_gather_intel@none	describe() 把參數原樣印給玩家（player_command_api.gd:237 的 match）	玩家面句子裡有英文識別字 ["confirm_gather_intel"]：行動：confirm_gather_intel：被拒絕（參數遺漏）
d	L2:confirm_trade@none	describe() 把參數原樣印給玩家（player_command_api.gd:237 的 match）	玩家面句子裡有英文識別字 ["confirm_trade"]：行動：confirm_trade：被拒絕（無待確認貿易）
d	L2:demand_tribute@none	describe() 把參數原樣印給玩家（player_command_api.gd:237 的 match）	玩家面句子裡有英文識別字 ["demand_tribute"]：行動：demand_tribute：被拒絕（目標不存在）
d	L2:demolish_outpost@none	describe() 把參數原樣印給玩家（player_command_api.gd:237 的 match）	玩家面句子裡有英文識別字 ["demolish_outpost"]：行動：demolish_outpost：被拒絕（無法拆除）
d	L2:deposit_to_storage@none	describe() 把參數原樣印給玩家（player_command_api.gd:237 的 match）	玩家面句子裡有英文識別字 ["deposit_to_storage", "amount"]：行動：deposit_to_storage：被拒絕（未指定 res/amount）
d	L2:disband_faction@none	describe() 把參數原樣印給玩家（player_command_api.gd:237 的 match）	玩家面句子裡有英文識別字 ["disband_faction"]：行動：disband_faction：被拒絕（玩家不在勢力中）
d	L2:dispatch_subteam@none	handler 自己回的 msg 裡有英文（那一句是 handler 寫的，不是 describe 產的）	玩家面句子裡有英文識別字 ["leader"]：行動：dispatch_subteam：被拒絕（未指定子隊 leader）
d	L2:establish_faction@none	describe() 把參數原樣印給玩家（player_command_api.gd:237 的 match）	玩家面句子裡有英文識別字 ["establish_faction"]：行動：establish_faction：完成
d	L2:extort@none	describe() 把參數原樣印給玩家（player_command_api.gd:237 的 match）	玩家面句子裡有英文識別字 ["extort"]：行動：extort：被拒絕（隊伍不存在）
d	L2:extract_treasury@none	describe() 把參數原樣印給玩家（player_command_api.gd:237 的 match）	玩家面句子裡有英文識別字 ["extract_treasury", "extract_ratio"]：行動：extract_treasury：被拒絕（extract_ratio 必須 (0, 1]）
d	L2:gather_intel@none	describe() 把參數原樣印給玩家（player_command_api.gd:237 的 match）	玩家面句子裡有英文識別字 ["gather_intel"]：行動：gather_intel：被拒絕（目標不存在）
d	L2:hunt@none	describe() 把參數原樣印給玩家（player_command_api.gd:237 的 match）	玩家面句子裡有英文識別字 ["hunt"]：行動：hunt：被拒絕（此地無獵物）
d	L2:hunt_beast@none	describe() 把參數原樣印給玩家（player_command_api.gd:237 的 match）	玩家面句子裡有英文識別字 ["hunt_beast"]：行動：hunt_beast：被拒絕（此地無猛獸可獵）
d	L2:invite_settle@none	describe() 把參數原樣印給玩家（player_command_api.gd:237 的 match）	玩家面句子裡有英文識別字 ["invite_settle"]：行動：invite_settle：被拒絕（目標不存在）
d	L2:leave_faction@none	describe() 把參數原樣印給玩家（player_command_api.gd:237 的 match）	玩家面句子裡有英文識別字 ["leave_faction", "disband_faction", "leader"]：行動：leave_faction：被拒絕（請使用 disband_faction（leader 不能普通離開））
d	L2:leave_loot@none	describe() 把參數原樣印給玩家（player_command_api.gd:237 的 match）	玩家面句子裡有英文識別字 ["leave_loot"]：行動：leave_loot：放棄戰利品
d	L2:offer_surrender@none	describe() 把參數原樣印給玩家（player_command_api.gd:237 的 match）	玩家面句子裡有英文識別字 ["offer_surrender"]：行動：offer_surrender：被拒絕（目標不存在）
d	L2:order_faction_member@none	describe() 把參數原樣印給玩家（player_command_api.gd:237 的 match）	玩家面句子裡有英文識別字 ["order_faction_member"]：行動：order_faction_member：被拒絕（目標成員不存在）
d	L2:promote_anon@none	describe() 把參數原樣印給玩家（player_command_api.gd:237 的 match）	玩家面句子裡有英文識別字 ["promote_anon"]：行動：promote_anon：拔擢 秦玄 為記名成員
d	L2:propose_alliance@none	describe() 把參數原樣印給玩家（player_command_api.gd:237 的 match）	玩家面句子裡有英文識別字 ["propose_alliance"]：行動：propose_alliance：被拒絕（目標不存在）
d	L2:recruit@none	describe() 把參數原樣印給玩家（player_command_api.gd:237 的 match）	玩家面句子裡有英文識別字 ["recruit"]：行動：recruit：被拒絕（目標不存在）
d	L2:recruit_anon@none	describe() 把參數原樣印給玩家（player_command_api.gd:237 的 match）	玩家面句子裡有英文識別字 ["recruit_anon"]：行動：recruit_anon：被拒絕（目標不存在）
d	L2:refresh_targets@none	describe() 把參數原樣印給玩家（player_command_api.gd:237 的 match）	玩家面句子裡有英文識別字 ["refresh_targets"]：行動：refresh_targets：互動目標已更新
d	L2:respond_aid_request@none	describe() 把參數原樣印給玩家（player_command_api.gd:237 的 match）	玩家面句子裡有英文識別字 ["respond_aid_request", "event"]：行動：respond_aid_request：被拒絕（無待回應 aid event）
d	L2:set_armed_anon_ratio@none	describe() 把參數原樣印給玩家（player_command_api.gd:237 的 match）	玩家面句子裡有英文識別字 ["set_armed_anon_ratio"]：行動：set_armed_anon_ratio：武裝比例設為 0%
d	L2:set_faction_goal@none	describe() 把參數原樣印給玩家（player_command_api.gd:237 的 match）	玩家面句子裡有英文識別字 ["set_faction_goal", "override"]：行動：set_faction_goal：清除 override
d	L2:set_tribute_rate@none	describe() 把參數原樣印給玩家（player_command_api.gd:237 的 match）	玩家面句子裡有英文識別字 ["set_tribute_rate"]：行動：set_tribute_rate：徵收率設為 10%
d	L2:subjugate_enemy@none	describe() 把參數原樣印給玩家（player_command_api.gd:237 的 match）	玩家面句子裡有英文識別字 ["subjugate_enemy"]：行動：subjugate_enemy：被拒絕（無可收編的敗者）
d	L2:submit_trade_offer@none	describe() 把參數原樣印給玩家（player_command_api.gd:237 的 match）	玩家面句子裡有英文識別字 ["submit_trade_offer"]：行動：submit_trade_offer：被拒絕（無待送出的出價）
d	L2:surrender_in_encounter@none	describe() 把參數原樣印給玩家（player_command_api.gd:237 的 match）	玩家面句子裡有英文識別字 ["surrender_in_encounter"]：行動：surrender_in_encounter：被拒絕（非戰鬥中）
d	L2:surrender_pre_encounter@none	describe() 把參數原樣印給玩家（player_command_api.gd:237 的 match）	玩家面句子裡有英文識別字 ["surrender_pre_encounter"]：行動：surrender_pre_encounter：被拒絕（無待處理預備遭遇戰）
d	L2:take_loot@none	describe() 把參數原樣印給玩家（player_command_api.gd:237 的 match）	玩家面句子裡有英文識別字 ["take_loot"]：行動：take_loot：被拒絕（無可收取戰利品）
d	L2:trade@none	describe() 把參數原樣印給玩家（player_command_api.gd:237 的 match）	玩家面句子裡有英文識別字 ["trade"]：行動：trade：被拒絕（目標不存在）
d	L2:train@none	describe() 把參數原樣印給玩家（player_command_api.gd:237 的 match）	玩家面句子裡有英文識別字 ["train"]：行動：train：訓練（-30 coin → 平民 +exp）
d	L2:upgrade_farming@none	describe() 把參數原樣印給玩家（player_command_api.gd:237 的 match）	玩家面句子裡有英文識別字 ["upgrade_farming", "civilian"]：行動：upgrade_farming：被拒絕（無法升級農業（非 civilian 或已滿））
d	L2:upgrade_manufacturing@none	describe() 把參數原樣印給玩家（player_command_api.gd:237 的 match）	玩家面句子裡有英文識別字 ["upgrade_manufacturing"]：行動：upgrade_manufacturing：被拒絕（無法升級製造（條件不符））
d	L2:upgrade_outpost@none	describe() 把參數原樣印給玩家（player_command_api.gd:237 的 match）	玩家面句子裡有英文識別字 ["upgrade_outpost", "owner"]：行動：upgrade_outpost：被拒絕（無法升級（非 owner 或已滿級））
d	L2:withdraw_from_storage@none	describe() 把參數原樣印給玩家（player_command_api.gd:237 的 match）	玩家面句子裡有英文識別字 ["withdraw_from_storage", "amount"]：行動：withdraw_from_storage：被拒絕（未指定 res/amount）
d	L2:abandon_outpost@team	describe() 把參數原樣印給玩家（player_command_api.gd:237 的 match）	玩家面句子裡有英文識別字 ["abandon_outpost", "outpost"]：行動：abandon_outpost：被拒絕（未指定 outpost 位置）
d	L2:accept_encounter@team	describe() 把參數原樣印給玩家（player_command_api.gd:237 的 match）	玩家面句子裡有英文識別字 ["accept_encounter"]：行動：accept_encounter：被拒絕（無待處理預備遭遇戰）
d	L2:attack@team	describe() 把參數原樣印給玩家（player_command_api.gd:237 的 match）	玩家面句子裡有英文識別字 ["attack"]：行動：attack：發起攻擊
d	L2:betray_faction@team	describe() 把參數原樣印給玩家（player_command_api.gd:237 的 match）	玩家面句子裡有英文識別字 ["betray_faction"]：行動：betray_faction：背叛勢力，原成員已敵對
d	L2:build_facility@team	describe() 把參數原樣印給玩家（player_command_api.gd:237 的 match）	玩家面句子裡有英文識別字 ["build_facility", "farming"]：行動：build_facility：被拒絕（無法擴建 farming（條件不符））
d	L2:build_outpost@team	describe() 把參數原樣印給玩家（player_command_api.gd:237 的 match）	玩家面句子裡有英文識別字 ["build_outpost"]：行動：build_outpost：被拒絕（無法建造（資源不足或距離限制））
d	L2:camp@team	describe() 把參數原樣印給玩家（player_command_api.gd:237 的 match）	玩家面句子裡有英文識別字 ["camp"]：行動：camp：被拒絕（離既有據點太近,無法紮營）
d	L2:cancel_trade@team	describe() 把參數原樣印給玩家（player_command_api.gd:237 的 match）	玩家面句子裡有英文識別字 ["cancel_trade"]：行動：cancel_trade：取消貿易
c	L2:clear_member_order@team	靜默當下：玩家 person 在／遭遇戰 進行中／玩家隊 在	這一道指令【沒有任何句子】（command_results 沒有新增，或新增了空字串）
c	L2:confirm_gather_intel@team	靜默當下：玩家 person 在／遭遇戰 進行中／玩家隊 在	這一道指令【沒有任何句子】（command_results 沒有新增，或新增了空字串）
c	L2:confirm_trade@team	靜默當下：玩家 person 在／遭遇戰 進行中／玩家隊 在	這一道指令【沒有任何句子】（command_results 沒有新增，或新增了空字串）
c	L2:demand_tribute@team	靜默當下：玩家 person 在／遭遇戰 進行中／玩家隊 在	這一道指令【沒有任何句子】（command_results 沒有新增，或新增了空字串）
c	L2:demolish_outpost@team	靜默當下：玩家 person 在／遭遇戰 進行中／玩家隊 在	這一道指令【沒有任何句子】（command_results 沒有新增，或新增了空字串）
c	L2:deposit_to_storage@team	靜默當下：玩家 person 在／遭遇戰 進行中／玩家隊 在	這一道指令【沒有任何句子】（command_results 沒有新增，或新增了空字串）
c	L2:disband_faction@team	靜默當下：玩家 person 在／遭遇戰 進行中／玩家隊 在	這一道指令【沒有任何句子】（command_results 沒有新增，或新增了空字串）
c	L2:dispatch_subteam@team	靜默當下：玩家 person 在／遭遇戰 進行中／玩家隊 在	這一道指令【沒有任何句子】（command_results 沒有新增，或新增了空字串）
c	L2:establish_faction@team	靜默當下：玩家 person 在／遭遇戰 進行中／玩家隊 在	這一道指令【沒有任何句子】（command_results 沒有新增，或新增了空字串）
c	L2:extort@team	靜默當下：玩家 person 在／遭遇戰 進行中／玩家隊 在	這一道指令【沒有任何句子】（command_results 沒有新增，或新增了空字串）
c	L2:extract_treasury@team	靜默當下：玩家 person 在／遭遇戰 進行中／玩家隊 在	這一道指令【沒有任何句子】（command_results 沒有新增，或新增了空字串）
c	L2:gather_intel@team	靜默當下：玩家 person 在／遭遇戰 進行中／玩家隊 在	這一道指令【沒有任何句子】（command_results 沒有新增，或新增了空字串）
c	L2:hunt@team	靜默當下：玩家 person 在／遭遇戰 進行中／玩家隊 在	這一道指令【沒有任何句子】（command_results 沒有新增，或新增了空字串）
c	L2:hunt_beast@team	靜默當下：玩家 person 在／遭遇戰 進行中／玩家隊 在	這一道指令【沒有任何句子】（command_results 沒有新增，或新增了空字串）
c	L2:invite_settle@team	靜默當下：玩家 person 在／遭遇戰 進行中／玩家隊 在	這一道指令【沒有任何句子】（command_results 沒有新增，或新增了空字串）
c	L2:leave_faction@team	靜默當下：玩家 person 在／遭遇戰 進行中／玩家隊 在	這一道指令【沒有任何句子】（command_results 沒有新增，或新增了空字串）
c	L2:leave_loot@team	靜默當下：玩家 person 在／遭遇戰 進行中／玩家隊 在	這一道指令【沒有任何句子】（command_results 沒有新增，或新增了空字串）
c	L2:offer_surrender@team	靜默當下：玩家 person 在／遭遇戰 進行中／玩家隊 在	這一道指令【沒有任何句子】（command_results 沒有新增，或新增了空字串）
c	L2:order_faction_member@team	靜默當下：玩家 person 在／遭遇戰 進行中／玩家隊 在	這一道指令【沒有任何句子】（command_results 沒有新增，或新增了空字串）
c	L2:order_subteam@team	靜默當下：玩家 person 在／遭遇戰 進行中／玩家隊 在	這一道指令【沒有任何句子】（command_results 沒有新增，或新增了空字串）
c	L2:promote_anon@team	靜默當下：玩家 person 在／遭遇戰 進行中／玩家隊 在	這一道指令【沒有任何句子】（command_results 沒有新增，或新增了空字串）
c	L2:propose_alliance@team	靜默當下：玩家 person 在／遭遇戰 進行中／玩家隊 在	這一道指令【沒有任何句子】（command_results 沒有新增，或新增了空字串）
c	L2:recall_subteam@team	靜默當下：玩家 person 在／遭遇戰 進行中／玩家隊 在	這一道指令【沒有任何句子】（command_results 沒有新增，或新增了空字串）
c	L2:recruit@team	靜默當下：玩家 person 在／遭遇戰 進行中／玩家隊 在	這一道指令【沒有任何句子】（command_results 沒有新增，或新增了空字串）
c	L2:recruit_anon@team	靜默當下：玩家 person 在／遭遇戰 進行中／玩家隊 在	這一道指令【沒有任何句子】（command_results 沒有新增，或新增了空字串）
c	L2:refresh_targets@team	靜默當下：玩家 person 在／遭遇戰 進行中／玩家隊 在	這一道指令【沒有任何句子】（command_results 沒有新增，或新增了空字串）
c	L2:respond_aid_request@team	靜默當下：玩家 person 在／遭遇戰 進行中／玩家隊 在	這一道指令【沒有任何句子】（command_results 沒有新增，或新增了空字串）
c	L2:set_armed_anon_ratio@team	靜默當下：玩家 person 在／遭遇戰 進行中／玩家隊 在	這一道指令【沒有任何句子】（command_results 沒有新增，或新增了空字串）
c	L2:set_faction_goal@team	靜默當下：玩家 person 在／遭遇戰 進行中／玩家隊 在	這一道指令【沒有任何句子】（command_results 沒有新增，或新增了空字串）
c	L2:set_tribute_rate@team	靜默當下：玩家 person 在／遭遇戰 進行中／玩家隊 在	這一道指令【沒有任何句子】（command_results 沒有新增，或新增了空字串）
c	L2:subjugate_enemy@team	靜默當下：玩家 person 在／遭遇戰 進行中／玩家隊 在	這一道指令【沒有任何句子】（command_results 沒有新增，或新增了空字串）
c	L2:submit_trade_offer@team	靜默當下：玩家 person 在／遭遇戰 進行中／玩家隊 在	這一道指令【沒有任何句子】（command_results 沒有新增，或新增了空字串）
c	L2:surrender_in_encounter@team	靜默當下：玩家 person 在／遭遇戰 進行中／玩家隊 在	這一道指令【沒有任何句子】（command_results 沒有新增，或新增了空字串）
c	L2:surrender_pre_encounter@team	靜默當下：玩家 person 在／遭遇戰 進行中／玩家隊 在	這一道指令【沒有任何句子】（command_results 沒有新增，或新增了空字串）
c	L2:take_loot@team	靜默當下：玩家 person 在／遭遇戰 進行中／玩家隊 在	這一道指令【沒有任何句子】（command_results 沒有新增，或新增了空字串）
c	L2:trade@team	靜默當下：玩家 person 在／遭遇戰 進行中／玩家隊 在	這一道指令【沒有任何句子】（command_results 沒有新增，或新增了空字串）
c	L2:train@team	靜默當下：玩家 person 在／遭遇戰 進行中／玩家隊 在	這一道指令【沒有任何句子】（command_results 沒有新增，或新增了空字串）
c	L2:upgrade_farming@team	靜默當下：玩家 person 在／遭遇戰 進行中／玩家隊 在	這一道指令【沒有任何句子】（command_results 沒有新增，或新增了空字串）
c	L2:upgrade_manufacturing@team	靜默當下：玩家 person 在／遭遇戰 進行中／玩家隊 在	這一道指令【沒有任何句子】（command_results 沒有新增，或新增了空字串）
c	L2:upgrade_outpost@team	靜默當下：玩家 person 在／遭遇戰 進行中／玩家隊 在	這一道指令【沒有任何句子】（command_results 沒有新增，或新增了空字串）
c	L2:withdraw_from_storage@team	靜默當下：玩家 person 在／遭遇戰 進行中／玩家隊 在	這一道指令【沒有任何句子】（command_results 沒有新增，或新增了空字串）
d	L3:diplomacy(alliance)/accept	describe() 把參數原樣印給玩家（player_command_api.gd:237 的 match）	玩家面句子裡有英文識別字 ["accept"]：回應事件：accept：接受同盟，加入勢力0
d	L3:diplomacy(alliance)/refuse	describe() 把參數原樣印給玩家（player_command_api.gd:237 的 match）	玩家面句子裡有英文識別字 ["refuse"]：回應事件：refuse：拒絕外交提案
d	L3:diplomacy(propose_alliance)/accept	describe() 把參數原樣印給玩家（player_command_api.gd:237 的 match）	玩家面句子裡有英文識別字 ["accept"]：回應事件：accept：接受同盟，加入勢力0
d	L3:diplomacy(propose_alliance)/refuse	describe() 把參數原樣印給玩家（player_command_api.gd:237 的 match）	玩家面句子裡有英文識別字 ["refuse"]：回應事件：refuse：拒絕外交提案
d	L3:extort(alliance)/refuse	describe() 把參數原樣印給玩家（player_command_api.gd:237 的 match）	玩家面句子裡有英文識別字 ["refuse"]：回應事件：refuse：拒絕勒索
b	L3:join_request(alliance)/accept		回應是「accept」（接受那一側），而句子說：回應事件：accept：被拒絕（隊伍已滿，無法收留）
d	L3:join_request(alliance)/accept	describe() 把參數原樣印給玩家（player_command_api.gd:237 的 match）	玩家面句子裡有英文識別字 ["accept"]：回應事件：accept：被拒絕（隊伍已滿，無法收留）
d	L3:join_request(alliance)/refuse	describe() 把參數原樣印給玩家（player_command_api.gd:237 的 match）	玩家面句子裡有英文識別字 ["refuse"]：回應事件：refuse：婉拒收留
d	L3:aid_request(alliance)/give	describe() 把參數原樣印給玩家（player_command_api.gd:237 的 match）	玩家面句子裡有英文識別字 ["give"]：回應事件：give：已處理
d	L3:aid_request(alliance)/refuse	describe() 把參數原樣印給玩家（player_command_api.gd:237 的 match）	玩家面句子裡有英文識別字 ["refuse"]：回應事件：refuse：已處理
a	L3:choose_heir(alliance)/heir_128		InvariantAudit 回報 1 條違反：roster 反向破 P127 team_id=48 但不在該隊 roster(leader/named)
d	P7[1]:recruit_anon	describe() 把參數原樣印給玩家（player_command_api.gd:237 的 match）	玩家面句子裡有英文識別字 ["recruit_anon"]：行動：recruit_anon：招到 1 人（花費50 coin，新人口11）
d	P7[1b]:recruit_anon@空隊	describe() 把參數原樣印給玩家（player_command_api.gd:237 的 match）	玩家面句子裡有英文識別字 ["recruit_anon"]：行動：recruit_anon：被拒絕（對方沒有可招募的無名之人（全是具名成員））
d	P7[1c]:recruit_named@不存在的人	describe() 把參數原樣印給玩家（player_command_api.gd:237 的 match）	玩家面句子裡有英文識別字 ["recruit_named"]：行動：recruit_named：被拒絕（成員不存在或已離隊）
d	P7[2]:propose_alliance/accept	describe() 把參數原樣印給玩家（player_command_api.gd:237 的 match）	玩家面句子裡有英文識別字 ["accept"]：回應事件：accept：接受同盟，加入勢力0
