scripts/debug/a2a_join_guard_test.gd	timeout	404	
scripts/debug/abandon_courage_test.gd	timeout	404	
scripts/debug/active_promotion_test.gd	timeout	404	
scripts/debug/agriculture_a_test.gd	timeout	404	
scripts/debug/agriculture_b_test.gd	timeout	404	
scripts/debug/beast_decision_leak_test.gd	timeout	403	
scripts/debug/belief_freshness_invariant_test.gd	timeout	404	
scripts/debug/board_price_carry_test.gd	timeout	404	
scripts/debug/breed_rate_test.gd	timeout	404	
scripts/debug/build_afford_persona_test.gd	timeout	404	
scripts/debug/build_eta_single_source_test.gd	timeout	404	
scripts/debug/camp_marginal_test.gd	timeout	404	
scripts/debug/careloop_scout_test.gd	timeout	404	
scripts/debug/convoy_delivery_test.gd	timeout	404	
scripts/debug/convoy_dispatch_tap_test.gd	timeout	404	
scripts/debug/convoy_return_closure_test.gd	timeout	404	
scripts/debug/crisis_override_test.gd	timeout	404	
scripts/debug/data_test.gd	timeout	404	
scripts/debug/depatch_track2_test.gd	timeout	404	
scripts/debug/desperation_food_seeking_test.gd	timeout	404	
scripts/debug/desperation_ordering_test.gd	timeout	404	
scripts/debug/diplomacy_grounded_test.gd	timeout	404	
scripts/debug/directive_stamp_test.gd	timeout	404	
scripts/debug/discounted_flow_test.gd	timeout	404	
scripts/debug/encounter_sim_test.gd	timeout	404	
scripts/debug/envoy_ptype_reconcile_test.gd	timeout	404	
scripts/debug/ewma_advance_test.gd	timeout	404	
scripts/debug/extraction_need_driven_test.gd	timeout	404	
scripts/debug/faction_cohesion_test.gd	timeout	404	
scripts/debug/faction_succession_test.gd	timeout	404	
scripts/debug/failure_feedback_test.gd	timeout	404	
scripts/debug/flee_restore_test.gd	timeout	405	
scripts/debug/food_bridge_test.gd	timeout	404	
scripts/debug/food_flow_test.gd	timeout	404	
scripts/debug/framework_f1_test.gd	timeout	404	
scripts/debug/framework_f4_test.gd	timeout	404	
scripts/debug/g3_betrayal_bond_test.gd	timeout	404	
scripts/debug/game_sim_test.gd	timeout	404	
scripts/debug/gateA_hysteresis_test.gd	timeout	404	
scripts/debug/gateA_test.gd	timeout	404	
scripts/debug/godview_1119_test.gd	timeout	404	
scripts/debug/godview_b_test.gd	timeout	404	
scripts/debug/godview_c_test.gd	timeout	405	
scripts/debug/godview_d_test.gd	timeout	404	
scripts/debug/godview_e_test.gd	timeout	405	
scripts/debug/godview_f_test.gd	timeout	404	
scripts/debug/godview_followup_test.gd	timeout	405	
scripts/debug/headless_test.gd	timeout	404	
scripts/debug/idle_labor_build_test.gd	timeout	404	
scripts/debug/infonet_bootstrap_test.gd	timeout	404	
scripts/debug/infonet_herald_test.gd	timeout	404	
scripts/debug/infonet_letter_test.gd	timeout	404	
scripts/debug/infonet_part2_test.gd	timeout	404	
scripts/debug/infonet_prop_test.gd	timeout	404	
scripts/debug/infonet_scout_test.gd	timeout	404	
scripts/debug/infonet_sideaction_test.gd	timeout	404	
scripts/debug/infonet_trade_test.gd	timeout	404	
scripts/debug/invite_widen_test.gd	timeout	405	
scripts/debug/junmin_guard_test.gd	timeout	404	
scripts/debug/junmin_mobilize_test.gd	timeout	405	
scripts/debug/labor_marginal_v2_test.gd	timeout	406	
scripts/debug/labor_pool_test.gd	timeout	405	
scripts/debug/ledger_drop_visible_test.gd	timeout	404	
scripts/debug/lod_phase_invariance_test.gd	timeout	404	
scripts/debug/lord_care_loop_test.gd	timeout	404	
scripts/debug/map_render_test.gd	timeout	404	
scripts/debug/market_memoize_test.gd	timeout	405	
scripts/debug/material_buy_test.gd	timeout	405	
scripts/debug/material_hold_test.gd	timeout	404	
scripts/debug/means_end_a1_test.gd	timeout	404	
scripts/debug/means_end_s1_test.gd	timeout	404	
scripts/debug/means_end_s2_test.gd	timeout	405	
scripts/debug/means_end_s3_test.gd	timeout	404	
scripts/debug/means_end_s4_test.gd	timeout	404	
scripts/debug/means_end_s5_test.gd	timeout	405	
scripts/debug/means_end_s6_test.gd	timeout	405	
scripts/debug/means_end_s7_test.gd	timeout	404	
scripts/debug/mergein_join_lifecycle_test.gd	timeout	404	
scripts/debug/mfg_labor_depatch_test.gd	timeout	406	
scripts/debug/mil_facility_cost70_test.gd	timeout	405	
scripts/debug/missing_contact_ledger_test.gd	timeout	405	
scripts/debug/monotonic_person_id_test.gd	timeout	405	
scripts/debug/monotonic_team_id_test.gd	timeout	405	
scripts/debug/named_scarcity_ab_test.gd	timeout	406	
scripts/debug/need_oracle_test.gd	timeout	405	
scripts/debug/nullbelief_flee_test.gd	timeout	404	
scripts/debug/observability_path_test.gd	timeout	404	
scripts/debug/observer_inspect_test.gd	timeout	404	
scripts/debug/observer_never_freeze_test.gd	timeout	404	
scripts/debug/observer_rng_gate_test.gd	timeout	405	
scripts/debug/orderbook_tap_test.gd	timeout	405	
scripts/debug/own_granary_null_caller_test.gd	timeout	404	
scripts/debug/owner_outpost_index_test.gd	timeout	404	
scripts/debug/peaceful_economy_liveness_test.gd	timeout	404	
scripts/debug/perf_cut1_test.gd	timeout	404	
scripts/debug/persist_construction_floor_test.gd	timeout	404	
scripts/debug/persist_strength_test.gd	timeout	404	
scripts/debug/persist_tryset_test.gd	timeout	404	
scripts/debug/position_belief_test.gd	timeout	404	
scripts/debug/probe_bump_sample_test.gd	timeout	405	
scripts/debug/produce_demand_test.gd	timeout	404	
scripts/debug/production_framework_test.gd	timeout	404	
scripts/debug/promotion_mood_test.gd	timeout	404	
scripts/debug/recovery_r1_test.gd	timeout	404	
scripts/debug/recovery_r2_test.gd	timeout	404	
scripts/debug/recovery_r3_test.gd	timeout	404	
scripts/debug/seam2_facility_registry_test.gd	timeout	404	
scripts/debug/seam3_sysreg_test.gd	timeout	404	
scripts/debug/settlement_s1_test.gd	timeout	404	
scripts/debug/settlement_s2a_test.gd	timeout	404	
scripts/debug/settlement_s2b_test.gd	timeout	404	
scripts/debug/settlement_s4b_test.gd	timeout	404	
scripts/debug/settlement_s4c_test.gd	timeout	405	
scripts/debug/slice2_perception_test.gd	timeout	404	
scripts/debug/spawn_offmap_guard_test.gd	timeout	404	
scripts/debug/specimen_confound_test.gd	timeout	404	
scripts/debug/specimen_lineage_test.gd	timeout	404	
scripts/debug/specimen_noninvasive_test.gd	timeout	405	
scripts/debug/survival_a4_test.gd	timeout	404	
scripts/debug/survival_layer_unify_test.gd	timeout	405	
scripts/debug/survival_prio_fix_test.gd	timeout	404	
scripts/debug/survival_prod_test.gd	timeout	404	
scripts/debug/survival_stall_ladder_test.gd	timeout	404	
scripts/debug/t0_event_bus_test.gd	timeout	404	
scripts/debug/tapgap_fire_test.gd	timeout	404	
scripts/debug/team_ui_test.gd	timeout	404	
scripts/debug/threat_oracle_s15_test.gd	timeout	404	
scripts/debug/tools_demand_test.gd	timeout	404	
scripts/debug/tracer_completeness_test.gd	timeout	404	
scripts/debug/transition_arbiter_bypass_test.gd	timeout	404	
scripts/debug/ui_flow_test.gd	timeout	404	
scripts/debug/ui_logic_test.gd	timeout	404	
scripts/debug/unified_commerce_test.gd	timeout	404	
scripts/debug/unified_dispatch_test.gd	timeout	405	
scripts/debug/unrestsplit_tap_test.gd	timeout	404	
scripts/debug/valuation_clamp_reconcile_test.gd	timeout	405	
scripts/debug/world_schedule_due_test.gd	timeout	404	
